date,dividends,ticker
2009-01-15,0.013245,ABEV3
2009-04-23,0.016382,ABEV3
2009-07-06,0.031165,ABEV3
2009-09-16,0.043951,ABEV3
2009-12-03,0.059134,ABEV3
2010-03-19,0.043951,ABEV3
2010-09-29,0.031585,ABEV3
2010-09-30,0.031585,ABEV3
2010-12-01,0.010189,ABEV3
2011-03-04,0.111874,ABEV3
2011-07-01,0.085741,ABEV3
2011-10-03,0.019986,ABEV3
2012-03-01,0.150496,ABEV3
2012-06-22,0.042796,ABEV3
2012-10-01,0.10269,ABEV3
2012-12-27,0.180682,ABEV3
2013-02-28,0.127188,ABEV3
2013-09-16,0.129988,ABEV3
2014-01-15,0.153986,ABEV3
2014-04-03,0.059994,ABEV3
2014-07-29,0.16,ABEV3
2014-10-28,0.22,ABEV3
2015-01-02,0.13,ABEV3
2015-01-08,0.96,ABEV3
2015-03-02,0.09,ABEV3
2015-06-02,0.1,ABEV3
2015-09-09,0.15,ABEV3
2015-12-22,0.15,ABEV3
2016-02-01,0.13,ABEV3
2016-07-12,0.13,ABEV3
2016-11-01,0.16,ABEV3
2016-12-22,0.22,ABEV3
2017-01-24,0.07,ABEV3
2017-06-26,0.16,ABEV3
2017-12-19,0.31,ABEV3
2018-02-01,0.07,ABEV3
2018-06-18,0.16,ABEV3
2018-12-19,0.32,ABEV3
2019-12-20,0.4906,ABEV3
2020-12-18,0.4137,ABEV3
2021-01-14,0.0767,ABEV3
2021-12-20,0.6036,ABEV3
2022-12-20,0.7623,ABEV3
2009-03-23,0.143059,AMER3
2010-03-22,0.089821,AMER3
2011-03-28,0.049681,AMER3
2022-02-01,0.620963,AMER3
2021-03-29,4.5932,AURA33
2021-12-10,1.9626,AURA33
2022-06-24,0.729139,AURA33
2022-12-16,0.73098,AURA33
2023-06-22,0.66582,AURA33
2009-01-02,0.023102,B3SA3
2009-05-04,0.020682,B3SA3
2009-05-18,0.018644,B3SA3
2009-08-17,0.020019,B3SA3
2009-11-13,0.024963,B3SA3
2009-12-23,0.002827,B3SA3
2010-03-01,0.004236,B3SA3
2010-03-31,0.008469,B3SA3
2010-05-03,0.041201,B3SA3
2010-05-13,0.019332,B3SA3
2010-08-24,0.039339,B3SA3
2010-11-12,0.0397,B3SA3
2010-12-22,0.004578,B3SA3
2011-02-22,0.007212,B3SA3
2011-05-03,0.068908,B3SA3
2011-06-22,0.017043,B3SA3
2011-08-29,0.04058,B3SA3
2011-11-18,0.04038,B3SA3
2012-03-30,0.03914,B3SA3
2012-05-15,0.03872,B3SA3
2012-08-10,0.041459,B3SA3
2012-11-22,0.015535,B3SA3
2013-04-18,0.067079,B3SA3
2013-05-21,0.084694,B3SA3
2013-05-22,0.008623,B3SA3
2013-08-22,0.048981,B3SA3
2013-11-12,0.039447,B3SA3
2014-05-20,0.037179,B3SA3
2014-06-13,0.026158,B3SA3
2014-08-12,0.03646,B3SA3
2014-11-18,0.034938,B3SA3
2015-04-16,0.034388,B3SA3
2015-05-19,0.04137,B3SA3
2015-08-24,0.047583,B3SA3
2015-11-24,0.058852,B3SA3
2015-12-14,0.084171,B3SA3
2016-05-24,0.031658,B3SA3
2016-08-23,0.040206,B3SA3
2016-11-22,0.027363,B3SA3
2016-12-22,0.06863,B3SA3
2017-05-23,0.022958,B3SA3
2017-08-22,0.013341,B3SA3
2017-11-22,0.027486,B3SA3
2017-12-22,0.087127,B3SA3
2018-04-24,0.032643,B3SA3
2018-06-28,0.073716,B3SA3
2018-09-24,0.058709,B3SA3
2018-12-26,0.068975,B3SA3
2019-03-27,0.064317,B3SA3
2019-06-26,0.06349,B3SA3
2019-07-05,0.034401,B3SA3
2019-09-25,0.10587,B3SA3
2020-01-02,0.117948,B3SA3
2020-03-26,0.106022,B3SA3
2020-07-01,0.048932,B3SA3
2020-09-25,0.265538,B3SA3
2021-01-04,0.1858,B3SA3
2021-03-25,0.195242,B3SA3
2021-03-29,0.038161,B3SA3
2021-06-30,0.214651,B3SA3
2021-12-21,0.149451,B3SA3
2022-01-03,0.049777,B3SA3
2022-03-25,0.181475,B3SA3
2022-06-29,0.130776,B3SA3
2022-09-23,0.082875,B3SA3
2022-12-23,0.024203,B3SA3
2023-01-02,0.063981,B3SA3
2023-02-24,0.036728,B3SA3
2023-03-29,0.06023,B3SA3
2023-06-28,0.115354,B3SA3
2023-09-22,0.10571,B3SA3
2008-12-02,0.004691,BBDC4
2008-12-08,0.189631,BBDC4
2009-01-05,0.004691,BBDC4
2009-02-03,0.00516,BBDC4
2009-03-03,0.00516,BBDC4
2009-04-02,0.00516,BBDC4
2009-05-05,0.00516,BBDC4
2009-06-02,0.00516,BBDC4
2009-07-02,0.00516,BBDC4
2009-07-06,0.051605,BBDC4
2009-08-04,0.00516,BBDC4
2009-09-02,0.00516,BBDC4
2009-10-02,0.00516,BBDC4
2009-11-04,0.00516,BBDC4
2009-12-02,0.00516,BBDC4
2009-12-07,0.16583,BBDC4
2010-01-05,0.00516,BBDC4
2010-02-02,0.00516,BBDC4
2010-02-11,0.008369,BBDC4
2010-03-02,0.00516,BBDC4
2010-04-05,0.00516,BBDC4
2010-05-04,0.00516,BBDC4
2010-06-02,0.00516,BBDC4
2010-06-29,0.051605,BBDC4
2010-07-02,0.00516,BBDC4
2010-08-03,0.00516,BBDC4
2010-09-02,0.00516,BBDC4
2010-10-04,0.00516,BBDC4
2010-11-03,0.00516,BBDC4
2010-12-02,0.00516,BBDC4
2010-12-07,0.160092,BBDC4
2011-01-04,0.005182,BBDC4
2011-02-02,0.005182,BBDC4
2011-02-14,0.03127,BBDC4
2011-03-02,0.005182,BBDC4
2011-04-04,0.005182,BBDC4
2011-05-03,0.005182,BBDC4
2011-06-02,0.005182,BBDC4
2011-06-28,0.060964,BBDC4
2011-07-04,0.005182,BBDC4
2011-08-02,0.005182,BBDC4
2011-09-02,0.0057,BBDC4
2011-10-04,0.0057,BBDC4
2011-11-03,0.0057,BBDC4
2011-12-02,0.0057,BBDC4
2011-12-13,0.22587,BBDC4
2012-01-03,0.0057,BBDC4
2012-02-02,0.0057,BBDC4
2012-02-13,0.014795,BBDC4
2012-03-02,0.0057,BBDC4
2012-04-03,0.00627,BBDC4
2012-05-03,0.00627,BBDC4
2012-06-04,0.00627,BBDC4
2012-06-28,0.062703,BBDC4
2012-07-03,0.00627,BBDC4
2012-08-02,0.00627,BBDC4
2012-09-04,0.00627,BBDC4
2012-10-02,0.007377,BBDC4
2012-11-05,0.00627,BBDC4
2012-12-04,0.00627,BBDC4
2012-12-26,0.200921,BBDC4
2013-01-03,0.00627,BBDC4
2013-02-04,0.007377,BBDC4
2013-02-06,0.026062,BBDC4
2013-03-04,0.00627,BBDC4
2013-04-02,0.006897,BBDC4
2013-05-03,0.006897,BBDC4
2013-06-04,0.008114,BBDC4
2013-06-28,0.081174,BBDC4
2013-07-02,0.008114,BBDC4
2013-08-02,0.008114,BBDC4
2013-09-03,0.008114,BBDC4
2013-10-02,0.008114,BBDC4
2013-11-04,0.008114,BBDC4
2013-12-03,0.008114,BBDC4
2013-12-26,0.13909,BBDC4
2014-02-04,0.008114,BBDC4
2014-02-11,0.083577,BBDC4
2014-03-06,0.008114,BBDC4
2014-04-02,0.008114,BBDC4
2014-05-05,0.008114,BBDC4
2014-06-03,0.008114,BBDC4
2014-06-25,0.081152,BBDC4
2014-07-02,0.008114,BBDC4
2014-08-04,0.008114,BBDC4
2014-09-02,0.008114,BBDC4
2014-10-02,0.008114,BBDC4
2014-11-04,0.008114,BBDC4
2014-12-02,0.008114,BBDC4
2014-12-23,0.254562,BBDC4
2015-01-05,0.008114,BBDC4
2015-02-03,0.008114,BBDC4
2015-02-10,0.061727,BBDC4
2015-03-03,0.008114,BBDC4
2015-04-02,0.008926,BBDC4
2015-05-05,0.008114,BBDC4
2015-06-02,0.008926,BBDC4
2015-06-23,0.089324,BBDC4
2015-07-02,0.008926,BBDC4
2015-08-04,0.008926,BBDC4
2015-09-02,0.008926,BBDC4
2015-10-02,0.008926,BBDC4
2015-11-04,0.008926,BBDC4
2015-12-02,0.008926,BBDC4
2015-12-17,0.397238,BBDC4
2016-01-05,0.008926,BBDC4
2016-02-02,0.008926,BBDC4
2016-03-02,0.008926,BBDC4
2016-04-04,0.008926,BBDC4
2016-05-03,0.009818,BBDC4
2016-06-02,0.009818,BBDC4
2016-06-23,0.098198,BBDC4
2016-07-04,0.009818,BBDC4
2016-08-02,0.009818,BBDC4
2016-09-02,0.009818,BBDC4
2016-10-03,0.325071,BBDC4
2016-10-04,0.009818,BBDC4
2016-11-03,0.009818,BBDC4
2016-12-02,0.009818,BBDC4
2016-12-22,0.14612,BBDC4
2017-01-03,0.009818,BBDC4
2017-02-02,0.009818,BBDC4
2017-03-02,0.009818,BBDC4
2017-04-04,0.009818,BBDC4
2017-05-03,0.0108,BBDC4
2017-06-02,0.0108,BBDC4
2017-07-03,0.107998,BBDC4
2017-07-04,0.0108,BBDC4
2017-08-02,0.0108,BBDC4
2017-09-04,0.0108,BBDC4
2017-10-03,0.0108,BBDC4
2017-11-03,0.0108,BBDC4
2017-12-04,0.0108,BBDC4
2017-12-26,0.472367,BBDC4
2018-01-03,0.0108,BBDC4
2018-02-02,0.0108,BBDC4
2018-03-02,0.0108,BBDC4
2018-04-03,0.01188,BBDC4
2018-05-03,0.01188,BBDC4
2018-06-04,0.01188,BBDC4
2018-07-02,0.118777,BBDC4
2018-07-03,0.01188,BBDC4
2018-08-02,0.01188,BBDC4
2018-09-04,0.01188,BBDC4
2018-10-02,0.01188,BBDC4
2018-11-05,0.01188,BBDC4
2018-12-04,0.01188,BBDC4
2018-12-26,0.457176,BBDC4
2019-01-03,0.01188,BBDC4
2019-02-04,0.01188,BBDC4
2019-03-06,0.01188,BBDC4
2019-04-02,0.014255,BBDC4
2019-05-03,0.014255,BBDC4
2019-06-04,0.014255,BBDC4
2019-07-01,0.142592,BBDC4
2019-07-02,0.014255,BBDC4
2019-08-02,0.014255,BBDC4
2019-09-03,0.014255,BBDC4
2019-10-02,0.014255,BBDC4
2019-10-18,0.784011,BBDC4
2019-11-04,0.014255,BBDC4
2019-12-03,0.014255,BBDC4
2019-12-20,0.416016,BBDC4
2020-01-03,0.014255,BBDC4
2020-02-04,0.014255,BBDC4
2020-02-18,0.04811,BBDC4
2020-03-03,0.014255,BBDC4
2020-04-02,0.014255,BBDC4
2020-05-05,0.015681,BBDC4
2020-06-02,0.015681,BBDC4
2020-07-02,0.015681,BBDC4
2020-08-04,0.015681,BBDC4
2020-09-02,0.015681,BBDC4
2020-10-02,0.015681,BBDC4
2020-11-04,0.015681,BBDC4
2020-12-02,0.015681,BBDC4
2020-12-29,0.343201,BBDC4
2021-01-05,0.015681,BBDC4
2021-02-02,0.015681,BBDC4
2021-02-18,0.018034,BBDC4
2021-03-02,0.015681,BBDC4
2021-04-01,0.018974,BBDC4
2021-04-05,0.015681,BBDC4
2021-05-04,0.017249,BBDC4
2021-06-02,0.017249,BBDC4
2021-07-02,0.017249,BBDC4
2021-07-05,0.490007,BBDC4
2021-08-03,0.017249,BBDC4
2021-09-02,0.017249,BBDC4
2021-10-04,0.017249,BBDC4
2021-11-03,0.017249,BBDC4
2021-12-02,0.017249,BBDC4
2021-12-21,0.216254,BBDC4
2022-01-04,0.017249,BBDC4
2022-02-02,0.017249,BBDC4
2022-03-03,0.017249,BBDC4
2022-04-04,0.017249,BBDC4
2022-05-03,0.018974,BBDC4
2022-06-02,0.018974,BBDC4
2022-06-21,0.196595,BBDC4
2022-07-04,0.018974,BBDC4
2022-08-02,0.018974,BBDC4
2022-09-02,0.018974,BBDC4
2022-10-04,0.018974,BBDC4
2022-11-03,0.018974,BBDC4
2022-12-02,0.018975,BBDC4
2023-01-03,0.018975,BBDC4
2023-01-09,0.583406,BBDC4
2023-02-02,0.018975,BBDC4
2023-03-02,0.018975,BBDC4
2023-04-04,0.018975,BBDC4
2023-05-03,0.018975,BBDC4
2023-06-02,0.018975,BBDC4
2023-06-27,0.196897,BBDC4
2023-07-04,0.018975,BBDC4
2023-08-02,0.018975,BBDC4
2023-09-04,0.018975,BBDC4
2023-10-03,0.018975,BBDC4
2023-11-03,0.018975,BBDC4
2009-06-23,0.180221,BBAS3
2009-08-14,0.190873,BBAS3
2009-09-22,0.185397,BBAS3
2009-11-13,0.122897,BBAS3
2009-12-22,0.189043,BBAS3
2010-02-26,0.468197,BBAS3
2010-03-25,0.201718,BBAS3
2010-05-24,0.172912,BBAS3
2010-05-25,0.207866,BBAS3
2010-08-19,0.20065,BBAS3
2010-09-23,0.200244,BBAS3
2010-11-23,0.131424,BBAS3
2010-12-23,0.203766,BBAS3
2011-02-22,0.32618,BBAS3
2011-03-23,0.215096,BBAS3
2011-05-20,0.156962,BBAS3
2011-06-22,0.262432,BBAS3
2011-08-19,0.212075,BBAS3
2011-09-22,0.278181,BBAS3
2011-11-18,0.125885,BBAS3
2011-12-22,0.280441,BBAS3
2012-02-17,0.156996,BBAS3
2012-03-23,0.293279,BBAS3
2012-05-11,0.06331,BBAS3
2012-06-22,0.298239,BBAS3
2012-08-22,0.124066,BBAS3
2012-09-12,0.285821,BBAS3
2012-11-19,0.106932,BBAS3
2012-12-13,0.297177,BBAS3
2013-03-04,0.261319,BBAS3
2013-03-12,0.264928,BBAS3
2013-05-22,0.09821,BBAS3
2013-06-12,0.281982,BBAS3
2013-08-23,0.780872,BBAS3
2013-09-12,0.313771,BBAS3
2013-11-22,0.066615,BBAS3
2013-12-12,0.309285,BBAS3
2014-02-14,0.132155,BBAS3
2014-03-12,0.314638,BBAS3
2014-05-20,0.081217,BBAS3
2014-06-13,0.321041,BBAS3
2014-08-20,0.07878,BBAS3
2014-09-12,0.336522,BBAS3
2014-11-17,0.055718,BBAS3
2014-12-12,0.339949,BBAS3
2015-02-20,0.0912,BBAS3
2015-03-24,0.376992,BBAS3
2015-05-22,0.451138,BBAS3
2015-06-12,0.289894,BBAS3
2015-08-24,0.141039,BBAS3
2015-09-14,0.266078,BBAS3
2015-11-24,0.170805,BBAS3
2015-12-14,0.274491,BBAS3
2016-03-03,0.090568,BBAS3
2016-03-14,0.098285,BBAS3
2016-05-24,0.133683,BBAS3
2016-06-14,0.137755,BBAS3
2016-08-23,0.139965,BBAS3
2016-09-13,0.126652,BBAS3
2016-11-22,0.109871,BBAS3
2016-12-13,0.076932,BBAS3
2017-03-02,0.025907,BBAS3
2017-03-14,0.072115,BBAS3
2017-05-23,0.182939,BBAS3
2017-06-13,0.078574,BBAS3
2017-08-22,0.204303,BBAS3
2017-09-12,0.076292,BBAS3
2017-11-22,0.223237,BBAS3
2017-12-12,0.082597,BBAS3
2018-03-02,0.24567,BBAS3
2018-03-13,0.08171,BBAS3
2018-05-22,0.213954,BBAS3
2018-06-12,0.077203,BBAS3
2018-08-22,0.269662,BBAS3
2018-09-12,0.085491,BBAS3
2018-11-22,0.416893,BBAS3
2018-12-12,0.12567,BBAS3
2019-02-22,0.591888,BBAS3
2019-03-12,0.156124,BBAS3
2019-05-22,0.414838,BBAS3
2019-06-12,0.171054,BBAS3
2019-08-22,0.446155,BBAS3
2019-09-12,0.232955,BBAS3
2019-11-22,0.365042,BBAS3
2019-12-12,0.176174,BBAS3
2020-02-26,0.438882,BBAS3
2020-03-12,0.18142,BBAS3
2020-08-24,0.441988,BBAS3
2020-09-14,0.102862,BBAS3
2020-11-17,0.194773,BBAS3
2020-12-14,0.116984,BBAS3
2021-02-23,0.435863,BBAS3
2021-03-12,0.145714,BBAS3
2021-05-24,0.414445,BBAS3
2021-06-14,0.168519,BBAS3
2021-08-24,0.348288,BBAS3
2021-09-14,0.184739,BBAS3
2021-11-23,0.393703,BBAS3
2021-12-14,0.174991,BBAS3
2022-03-03,0.824721,BBAS3
2022-03-15,0.210628,BBAS3
2022-05-24,0.155347,BBAS3
2022-06-14,0.250285,BBAS3
2022-08-23,0.204622,BBAS3
2022-09-13,0.273736,BBAS3
2022-11-22,0.170206,BBAS3
2022-12-13,0.345525,BBAS3
2023-02-24,0.826881,BBAS3
2023-03-14,0.352037,BBAS3
2023-06-02,0.65442,BBAS3
2023-06-13,0.338631,BBAS3
2023-08-22,0.668883,BBAS3
2023-09-12,0.334197,BBAS3
2011-05-02,0.833247,BRKM5
2012-04-30,0.605085,BRKM5
2014-04-10,0.606189,BRKM5
2015-04-10,0.60625,BRKM5
2016-04-07,1.256718,BRKM5
2016-10-04,1.257159,BRKM5
2017-12-04,1.256718,BRKM5
2018-05-02,1.885738,BRKM5
2019-04-17,3.355658,BRKM5
2019-10-04,0.83862,BRKM5
2021-12-09,7.539048,BRKM5
2022-04-20,1.696348,BRKM5
2009-12-29,0.109464,BRFS3
2010-06-29,0.049467,BRFS3
2010-12-29,0.194276,BRFS3
2011-06-30,0.319759,BRFS3
2011-12-29,0.372013,BRFS3
2012-06-29,0.10948,BRFS3
2013-01-02,0.162507,BRFS3
2013-04-22,0.049548,BRFS3
2013-07-01,0.392427,BRFS3
2014-01-02,0.399061,BRFS3
2014-07-01,0.394292,BRFS3
2015-01-02,0.508454,BRFS3
2015-07-01,0.478273,BRFS3
2016-01-04,0.66382,BRFS3
2016-03-11,0.115895,BRFS3
2016-07-13,0.611453,BRFS3
2021-11-05,0.244612,CXSE3
2022-04-22,0.29579,CXSE3
2022-11-04,0.35278,CXSE3
2023-04-28,0.510369,CXSE3
2023-10-25,0.5,CXSE3
2009-05-05,1.701401,ELET6
2010-02-01,0.199746,ELET6
2010-05-03,1.679867,ELET6
2011-06-17,1.719,ELET6
2012-05-21,1.698,ELET6
2013-05-02,1.63369,ELET6
2014-05-02,1.633692,ELET6
2015-05-04,0.103847,ELET6
2017-05-02,1.79227,ELET6
2019-04-30,1.471306,ELET6
2020-05-04,1.749936,ELET6
2020-07-30,1.787923,ELET6
2021-02-04,1.578642,ELET6
2021-04-28,1.05945,ELET6
2022-04-25,1.614105,ELET6
2023-04-28,1.493652,ELET6
2009-03-25,0.526825,CSNA3
2009-05-04,0.17689,CSNA3
2009-12-18,0.37312,CSNA3
2010-05-03,1.02883,CSNA3
2011-05-02,0.24472,CSNA3
2012-04-30,0.82306,CSNA3
2012-12-28,0.20576,CSNA3
2013-04-02,0.37144,CSNA3
2013-08-08,0.144036,CSNA3
2013-11-14,0.743541,CSNA3
2014-03-05,0.291501,CSNA3
2015-01-02,0.202358,CSNA3
2015-03-12,0.202633,CSNA3
2018-08-23,0.644874,CSNA3
2019-04-29,0.65091,CSNA3
2019-05-03,0.65091,CSNA3
2019-09-24,0.299003,CSNA3
2020-05-07,0.008871,CSNA3
2021-05-03,0.652949,CSNA3
2021-08-02,1.26801,CSNA3
2022-01-05,0.191508,CSNA3
2022-05-02,0.681594,CSNA3
2022-11-28,1.17949,CSNA3
2022-12-29,0.527866,CSNA3
2023-05-02,0.631067,CSNA3
2009-01-27,0.14,SBSP3
2009-05-29,0.172833,SBSP3
2009-11-23,0.274833,SBSP3
2010-01-04,0.05,SBSP3
2010-03-01,0.05,SBSP3
2010-12-28,0.667133,SBSP3
2012-02-17,0.846667,SBSP3
2013-04-01,0.781667,SBSP3
2014-04-08,0.786331,SBSP3
2015-04-02,0.36913,SBSP3
2015-04-07,0.36913,SBSP3
2016-04-06,0.2193,SBSP3
2017-04-11,1.2048,SBSP3
2018-04-30,1.0298,SBSP3
2019-04-30,1.159,SBSP3
2020-04-29,1.3767,SBSP3
2021-04-30,0.3979,SBSP3
2022-04-29,0.9427,SBSP3
2023-05-02,1.276,SBSP3
2018-01-02,0.534641,SAPR11
2018-04-27,0.021867,SAPR11
2018-07-03,0.533624,SAPR11
2019-01-02,0.558849,SAPR11
2019-04-25,0.327293,SAPR11
2019-07-01,0.583449,SAPR11
2020-01-02,0.523419,SAPR11
2020-07-01,0.504799,SAPR11
2021-01-04,0.488226,SAPR11
2021-07-01,0.506126,SAPR11
2022-01-03,0.585507,SAPR11
2022-04-29,0.059297,SAPR11
2022-07-01,0.516587,SAPR11
2023-01-02,0.93269,SAPR11
2023-07-03,0.900642,SAPR11
2010-04-30,0.237561,CMIG4
2010-12-17,0.459448,CMIG4
2011-05-02,0.305296,CMIG4
2011-12-12,0.433924,CMIG4
2012-04-30,0.330302,CMIG4
2012-12-26,0.612597,CMIG4
2013-05-02,0.621841,CMIG4
2013-12-06,0.322029,CMIG4
2013-12-18,0.117701,CMIG4
2014-05-02,0.573052,CMIG4
2014-06-30,0.869904,CMIG4
2014-11-10,0.561552,CMIG4
2014-12-29,0.117417,CMIG4
2015-05-04,0.289619,CMIG4
2016-01-04,0.102101,CMIG4
2016-05-02,0.221544,CMIG4
2016-12-27,0.193992,CMIG4
2017-05-15,0.078227,CMIG4
2018-05-02,0.331519,CMIG4
2018-12-26,0.095432,CMIG4
2019-05-06,0.298724,CMIG4
2019-12-26,0.181775,CMIG4
2020-08-03,0.172304,CMIG4
2020-09-28,0.054532,CMIG4
2021-01-04,0.196992,CMIG4
2021-05-03,0.422017,CMIG4
2021-12-22,0.434116,CMIG4
2022-03-29,0.570889,CMIG4
2022-05-02,0.597418,CMIG4
2022-06-27,0.160416,CMIG4
2022-09-26,0.21428,CMIG4
2022-12-22,0.181142,CMIG4
2022-12-28,0.234269,CMIG4
2023-03-28,0.192784,CMIG4
2023-04-28,0.11307,CMIG4
2023-06-26,0.193907,CMIG4
2023-09-26,0.189943,CMIG4
2009-04-24,0.100438,CPLE6
2009-11-13,0.06451,CPLE6
2010-04-28,0.02015,CPLE6
2010-08-23,0.027742,CPLE6
2011-04-29,0.044049,CPLE6
2011-08-19,0.086706,CPLE6
2012-04-27,0.07484,CPLE6
2013-01-03,0.05272,CPLE6
2013-04-26,0.050169,CPLE6
2013-11-27,0.069111,CPLE6
2014-04-25,0.090366,CPLE6
2014-11-07,0.146197,CPLE6
2015-04-24,0.092803,CPLE6
2016-04-29,0.125473,CPLE6
2017-05-02,0.194342,CPLE6
2018-01-02,0.101887,CPLE6
2018-06-18,0.008996,CPLE6
2018-12-28,0.10727,CPLE6
2019-04-30,0.037881,CPLE6
2019-12-26,0.246692,CPLE6
2020-12-29,0.310016,CPLE6
2021-04-01,0.57874,CPLE6
2021-04-30,0.079551,CPLE6
2021-10-01,0.544031,CPLE6
2022-01-03,0.107233,CPLE6
2022-05-02,0.518295,CPLE6
2022-11-22,0.367323,CPLE6
2023-10-02,0.334427,CPLE6
2008-12-15,0.099049,TRPL4
2009-04-14,0.104972,TRPL4
2009-04-16,0.17578,TRPL4
2009-06-23,0.106162,TRPL4
2009-07-07,0.101021,TRPL4
2009-10-07,0.102097,TRPL4
2009-12-16,0.100987,TRPL4
2010-01-12,0.264888,TRPL4
2010-04-09,0.101875,TRPL4
2010-05-05,0.126201,TRPL4
2010-07-08,0.08732,TRPL4
2010-10-08,0.088422,TRPL4
2011-01-17,0.087461,TRPL4
2011-04-07,0.09116,TRPL4
2011-05-02,0.02729,TRPL4
2011-07-07,0.103613,TRPL4
2011-10-11,0.099969,TRPL4
2012-01-17,0.104181,TRPL4
2012-04-17,0.103843,TRPL4
2012-07-02,0.261434,TRPL4
2013-12-26,0.324763,TRPL4
2014-04-02,0.048715,TRPL4
2014-08-13,0.049078,TRPL4
2014-11-25,0.255536,TRPL4
2015-05-07,0.048055,TRPL4
2015-05-27,0.171542,TRPL4
2015-11-26,0.347065,TRPL4
2016-06-22,0.166949,TRPL4
2016-12-05,0.208687,TRPL4
2017-06-02,0.204892,TRPL4
2017-11-21,0.554575,TRPL4
2018-04-18,0.128541,TRPL4
2018-06-06,1.153932,TRPL4
2018-12-07,1.859207,TRPL4
2019-08-05,0.562186,TRPL4
2019-11-11,0.784661,TRPL4
2019-12-16,0.163679,TRPL4
2020-04-17,0.228164,TRPL4
2020-07-07,0.151772,TRPL4
2020-11-05,0.522095,TRPL4
2020-12-17,0.837549,TRPL4
2021-02-26,0.806156,TRPL4
2021-03-31,0.795967,TRPL4
2021-07-07,0.502542,TRPL4
2021-11-04,1.310301,TRPL4
2021-12-23,0.173896,TRPL4
2022-12-27,1.062404,TRPL4
2008-12-18,0.042687,DXCO3
2009-12-21,0.036399,DXCO3
2010-02-24,0.001105,DXCO3
2010-08-05,0.068245,DXCO3
2011-02-15,0.028,DXCO3
2011-08-01,0.073069,DXCO3
2011-12-12,0.079324,DXCO3
2012-02-17,0.004741,DXCO3
2012-07-27,0.064662,DXCO3
2012-12-03,0.093653,DXCO3
2013-02-20,0.006732,DXCO3
2013-07-23,0.116562,DXCO3
2013-12-17,0.090425,DXCO3
2014-07-31,0.089235,DXCO3
2014-12-17,0.069735,DXCO3
2015-02-06,0.052975,DXCO3
2015-07-29,0.041914,DXCO3
2015-12-17,0.217008,DXCO3
2017-02-15,0.007256,DXCO3
2017-12-15,0.072945,DXCO3
2018-12-19,0.654934,DXCO3
2019-12-17,0.308599,DXCO3
2020-12-14,0.25982,DXCO3
2021-02-18,0.359032,DXCO3
2021-12-15,1.16426,DXCO3
2022-12-15,0.308198,DXCO3
2009-08-14,0.426516,EGIE3
2009-11-18,0.237766,EGIE3
2010-05-07,0.100392,EGIE3
2010-10-01,0.350644,EGIE3
2010-11-18,0.269632,EGIE3
2011-05-02,0.193975,EGIE3
2011-08-11,0.806464,EGIE3
2011-11-18,0.31129,EGIE3
2012-04-16,0.317026,EGIE3
2012-08-13,0.850272,EGIE3
2012-11-26,0.338504,EGIE3
2013-02-20,0.706472,EGIE3
2013-08-19,0.940728,EGIE3
2013-11-26,0.300026,EGIE3
2014-09-12,0.566,EGIE3
2014-11-11,0.465867,EGIE3
2014-11-26,0.273309,EGIE3
2015-05-11,0.210902,EGIE3
2015-08-21,0.381501,EGIE3
2015-11-24,0.384838,EGIE3
2016-05-11,0.256762,EGIE3
2016-08-09,0.790752,EGIE3
2016-11-11,0.530071,EGIE3
2017-05-30,0.50206,EGIE3
2017-08-10,1.150736,EGIE3
2017-11-10,0.520266,EGIE3
2018-04-24,0.780407,EGIE3
2018-08-21,1.404581,EGIE3
2018-11-13,0.8,EGIE3
2018-12-27,0.486562,EGIE3
2019-05-07,0.094006,EGIE3
2019-12-03,1.528812,EGIE3
2020-04-29,1.164004,EGIE3
2020-08-10,0.830573,EGIE3
2020-12-21,0.67956,EGIE3
2021-04-29,0.018649,EGIE3
2021-05-12,0.747117,EGIE3
2021-08-17,0.967632,EGIE3
2021-12-30,0.073535,EGIE3
2022-02-25,0.782752,EGIE3
2022-05-12,0.673831,EGIE3
2022-08-17,0.708254,EGIE3
2022-11-22,0.579481,EGIE3
2022-12-23,0.24512,EGIE3
2023-05-09,1.783441,EGIE3
2023-08-22,0.940279,EGIE3
2010-08-12,0.030594,FLRY3
2010-12-20,0.076189,FLRY3
2011-08-22,0.06787,FLRY3
2011-12-20,0.031694,FLRY3
2012-08-06,0.063351,FLRY3
2012-12-18,0.050681,FLRY3
2013-08-08,0.138251,FLRY3
2013-11-06,0.057922,FLRY3
2013-12-10,0.063351,FLRY3
2014-04-29,0.316756,FLRY3
2014-11-07,0.316756,FLRY3
2015-06-15,0.020589,FLRY3
2015-08-19,0.030754,FLRY3
2016-04-11,0.067663,FLRY3
2016-08-03,0.100623,FLRY3
2016-12-13,1.043812,FLRY3
2017-03-15,0.224138,FLRY3
2017-08-02,0.185391,FLRY3
2018-01-03,0.130028,FLRY3
2018-03-07,0.641346,FLRY3
2018-08-01,0.180768,FLRY3
2019-01-03,0.125708,FLRY3
2019-03-07,0.680651,FLRY3
2019-07-31,0.198295,FLRY3
2020-01-03,0.11137,FLRY3
2020-02-27,0.618126,FLRY3
2021-01-07,0.232408,FLRY3
2021-03-03,0.489486,FLRY3
2021-08-04,0.13254,FLRY3
2021-12-21,0.093858,FLRY3
2022-03-23,0.702811,FLRY3
2022-12-20,0.294479,FLRY3
2023-09-05,0.169221,FLRY3
2008-11-17,0.171429,GGBR4
2009-03-03,0.038095,GGBR4
2009-11-17,0.071429,GGBR4
2009-12-29,0.171429,GGBR4
2010-05-18,0.114286,GGBR4
2010-08-17,0.133333,GGBR4
2010-11-17,0.114286,GGBR4
2011-03-15,0.057143,GGBR4
2011-05-20,0.057143,GGBR4
2011-08-16,0.085714,GGBR4
2011-11-22,0.114286,GGBR4
2012-02-28,0.07619,GGBR4
2012-05-14,0.057143,GGBR4
2012-08-14,0.085714,GGBR4
2012-11-13,0.066667,GGBR4
2013-03-05,0.019048,GGBR4
2013-05-20,0.019048,GGBR4
2013-08-13,0.066667,GGBR4
2013-11-12,0.114286,GGBR4
2014-03-06,0.066667,GGBR4
2014-05-22,0.066667,GGBR4
2014-08-12,0.057143,GGBR4
2014-11-18,0.047619,GGBR4
2015-03-17,0.066667,GGBR4
2015-05-22,0.057143,GGBR4
2015-08-25,0.047619,GGBR4
2015-11-10,0.038095,GGBR4
2016-08-23,0.028571,GGBR4
2016-11-22,0.019048,GGBR4
2017-08-22,0.019048,GGBR4
2017-11-22,0.028571,GGBR4
2018-03-12,0.028571,GGBR4
2018-05-22,0.07619,GGBR4
2018-08-22,0.133333,GGBR4
2018-11-22,0.12381,GGBR4
2019-03-07,0.095238,GGBR4
2019-05-20,0.066667,GGBR4
2019-08-19,0.066667,GGBR4
2019-11-12,0.038095,GGBR4
2020-03-02,0.028571,GGBR4
2020-11-09,0.114286,GGBR4
2020-12-22,0.161905,GGBR4
2021-03-12,0.12381,GGBR4
2021-05-17,0.380952,GGBR4
2021-08-17,0.514286,GGBR4
2021-09-28,0.361905,GGBR4
2021-11-08,1.542857,GGBR4
2022-03-08,0.190476,GGBR4
2022-05-17,0.542857,GGBR4
2022-08-16,0.67619,GGBR4
2022-11-22,2.047619,GGBR4
2023-03-15,0.190476,GGBR4
2023-05-16,0.51,GGBR4
2023-08-21,0.43,GGBR4
2017-11-08,4.462064,IRBR3
2018-03-22,0.04691,IRBR3
2018-11-08,4.45813,IRBR3
2019-03-22,1.727309,IRBR3
2019-11-19,4.90134,IRBR3
2020-04-17,0.20975,IRBR3
2020-08-17,0.10162,IRBR3
2010-05-03,0.005464,ITUB4
2010-06-01,0.005464,ITUB4
2010-07-01,0.005464,ITUB4
2010-08-02,0.005464,ITUB4
2010-08-11,0.095406,ITUB4
2010-09-01,0.005464,ITUB4
2010-10-01,0.005464,ITUB4
2010-11-01,0.005464,ITUB4
2010-12-01,0.005464,ITUB4
2011-01-03,0.097899,ITUB4
2011-02-01,0.005464,ITUB4
2011-03-01,0.005464,ITUB4
2011-03-04,0.17385,ITUB4
2011-03-10,0.221658,ITUB4
2011-04-01,0.005464,ITUB4
2011-05-02,0.005464,ITUB4
2011-06-01,0.005464,ITUB4
2011-07-01,0.005464,ITUB4
2011-08-01,0.005464,ITUB4
2011-08-10,0.123216,ITUB4
2011-09-01,0.005464,ITUB4
2011-10-03,0.005464,ITUB4
2011-11-01,0.005464,ITUB4
2011-12-01,0.005464,ITUB4
2011-12-27,0.131139,ITUB4
2012-01-02,0.005464,ITUB4
2012-02-01,0.005464,ITUB4
2012-03-01,0.189605,ITUB4
2012-04-02,0.00683,ITUB4
2012-05-02,0.00683,ITUB4
2012-06-01,0.00683,ITUB4
2012-07-02,0.00683,ITUB4
2012-08-01,0.00683,ITUB4
2012-08-02,0.126312,ITUB4
2012-09-03,0.00683,ITUB4
2012-10-01,0.00683,ITUB4
2012-11-01,0.00683,ITUB4
2012-12-26,0.142067,ITUB4
2013-01-02,0.00683,ITUB4
2013-02-01,0.00683,ITUB4
2013-03-01,0.00683,ITUB4
2013-03-06,0.174123,ITUB4
2013-04-01,0.00683,ITUB4
2013-05-02,0.00683,ITUB4
2013-06-03,0.007513,ITUB4
2013-07-01,0.007513,ITUB4
2013-08-01,0.007513,ITUB4
2013-08-07,0.138943,ITUB4
2013-09-02,0.007513,ITUB4
2013-10-01,0.007513,ITUB4
2013-11-01,0.007513,ITUB4
2013-12-02,0.007513,ITUB4
2013-12-23,0.101978,ITUB4
2014-01-02,0.007513,ITUB4
2014-02-03,0.007513,ITUB4
2014-02-19,0.262259,ITUB4
2014-03-05,0.007513,ITUB4
2014-04-01,0.007513,ITUB4
2014-05-02,0.007513,ITUB4
2014-06-02,0.007513,ITUB4
2014-07-01,0.008264,ITUB4
2014-08-01,0.008264,ITUB4
2014-08-14,0.179372,ITUB4
2014-09-01,0.008264,ITUB4
2014-10-01,0.008264,ITUB4
2014-11-03,0.008264,ITUB4
2014-12-01,0.008264,ITUB4
2015-01-02,0.008264,ITUB4
2015-02-02,0.008264,ITUB4
2015-02-11,0.465179,ITUB4
2015-03-02,0.008264,ITUB4
2015-04-01,0.008264,ITUB4
2015-05-04,0.008264,ITUB4
2015-06-01,0.008264,ITUB4
2015-07-01,0.008264,ITUB4
2015-08-03,0.009091,ITUB4
2015-08-13,0.209697,ITUB4
2015-09-01,0.009091,ITUB4
2015-10-01,0.009091,ITUB4
2015-11-03,0.009091,ITUB4
2015-12-01,0.009091,ITUB4
2015-12-10,0.126667,ITUB4
2016-01-04,0.009091,ITUB4
2016-02-01,0.009091,ITUB4
2016-02-19,0.396606,ITUB4
2016-03-01,0.009091,ITUB4
2016-04-01,0.009091,ITUB4
2016-05-02,0.009091,ITUB4
2016-06-01,0.009091,ITUB4
2016-07-01,0.009091,ITUB4
2016-08-01,0.009091,ITUB4
2016-08-15,0.241818,ITUB4
2016-09-01,0.009091,ITUB4
2016-10-03,0.009091,ITUB4
2016-11-01,0.01,ITUB4
2016-12-01,0.01,ITUB4
2016-12-23,0.314267,ITUB4
2017-01-02,0.01,ITUB4
2017-02-01,0.01,ITUB4
2017-02-21,0.516933,ITUB4
2017-03-01,0.01,ITUB4
2017-04-03,0.01,ITUB4
2017-05-02,0.01,ITUB4
2017-06-01,0.01,ITUB4
2017-07-03,0.01,ITUB4
2017-08-01,0.01,ITUB4
2017-08-15,0.266,ITUB4
2017-09-01,0.01,ITUB4
2017-10-02,0.01,ITUB4
2017-11-01,0.01,ITUB4
2017-12-01,0.01,ITUB4
2017-12-15,0.096333,ITUB4
2018-01-02,0.01,ITUB4
2018-02-01,0.01,ITUB4
2018-02-16,1.4084,ITUB4
2018-03-01,0.01,ITUB4
2018-04-02,0.01,ITUB4
2018-05-02,0.01,ITUB4
2018-06-01,0.01,ITUB4
2018-07-02,0.01,ITUB4
2018-08-01,0.01,ITUB4
2018-08-20,0.416,ITUB4
2018-09-03,0.01,ITUB4
2018-10-01,0.01,ITUB4
2018-11-01,0.01,ITUB4
2018-12-03,0.015,ITUB4
2018-12-18,0.0106,ITUB4
2019-01-02,0.015,ITUB4
2019-02-01,0.015,ITUB4
2019-02-22,1.0507,ITUB4
2019-03-01,0.015,ITUB4
2019-04-01,0.015,ITUB4
2019-05-02,0.015,ITUB4
2019-06-03,0.015,ITUB4
2019-07-01,0.015,ITUB4
2019-08-01,0.015,ITUB4
2019-08-16,0.5476,ITUB4
2019-09-02,0.015,ITUB4
2019-10-01,0.015,ITUB4
2019-11-01,0.015,ITUB4
2019-12-02,0.015,ITUB4
2019-12-13,0.03756,ITUB4
2020-01-02,0.015,ITUB4
2020-02-03,0.015,ITUB4
2020-02-21,0.4832,ITUB4
2020-03-02,0.015,ITUB4
2020-04-01,0.015,ITUB4
2020-05-04,0.015,ITUB4
2020-06-01,0.015,ITUB4
2020-07-01,0.015,ITUB4
2020-08-03,0.015,ITUB4
2020-08-18,0.0529,ITUB4
2020-09-01,0.015,ITUB4
2020-10-01,0.015,ITUB4
2020-11-03,0.015,ITUB4
2020-12-01,0.015,ITUB4
2020-12-11,0.06396,ITUB4
2021-01-04,0.015,ITUB4
2021-01-26,0.05016,ITUB4
2021-02-01,0.015,ITUB4
2021-02-26,0.146987,ITUB4
2021-03-01,0.015,ITUB4
2021-03-26,0.05064,ITUB4
2021-04-01,0.015,ITUB4
2021-04-28,0.05648,ITUB4
2021-05-03,0.015,ITUB4
2021-05-25,0.04874,ITUB4
2021-06-01,0.015,ITUB4
2021-07-01,0.015,ITUB4
2021-08-02,0.015,ITUB4
2021-08-16,0.10384,ITUB4
2021-09-01,0.015,ITUB4
2021-10-01,0.015,ITUB4
2021-11-01,0.01765,ITUB4
2021-11-22,0.264551,ITUB4
2021-12-01,0.01765,ITUB4
2022-01-03,0.01765,ITUB4
2022-02-01,0.01765,ITUB4
2022-02-22,0.01366,ITUB4
2022-03-02,0.01765,ITUB4
2022-03-03,0.01765,ITUB4
2022-04-01,0.01765,ITUB4
2022-05-02,0.01765,ITUB4
2022-06-01,0.01765,ITUB4
2022-07-01,0.01765,ITUB4
2022-08-01,0.01765,ITUB4
2022-08-19,0.3065,ITUB4
2022-09-01,0.01765,ITUB4
2022-10-03,0.01765,ITUB4
2022-11-01,0.01765,ITUB4
2022-12-01,0.01765,ITUB4
2022-12-09,0.48618,ITUB4
2023-01-02,0.01765,ITUB4
2023-02-01,0.01765,ITUB4
2023-03-01,0.01765,ITUB4
2023-03-24,0.262,ITUB4
2023-04-03,0.01765,ITUB4
2023-05-02,0.01765,ITUB4
2023-06-01,0.01765,ITUB4
2023-06-20,0.2663,ITUB4
2023-07-03,0.01765,ITUB4
2023-08-01,0.01765,ITUB4
2023-09-01,0.01765,ITUB4
2023-09-19,0.2693,ITUB4
2023-10-02,0.01765,ITUB4
2023-11-01,0.01765,ITUB4
2009-01-02,0.014204,ITSA4
2009-03-02,0.005479,ITSA4
2009-03-10,0.045902,ITSA4
2009-06-01,0.006674,ITSA4
2009-08-24,0.020747,ITSA4
2009-09-01,0.006674,ITSA4
2009-12-01,0.006674,ITSA4
2010-01-04,0.014183,ITSA4
2010-03-01,0.006674,ITSA4
2010-03-03,0.086506,ITSA4
2010-06-01,0.006683,ITSA4
2010-08-11,0.029052,ITSA4
2010-09-01,0.006683,ITSA4
2010-12-01,0.006683,ITSA4
2011-01-04,0.035463,ITSA4
2011-03-01,0.006683,ITSA4
2011-03-10,0.019152,ITSA4
2011-03-30,0.053321,ITSA4
2011-06-01,0.006694,ITSA4
2011-08-10,0.037296,ITSA4
2011-09-01,0.006694,ITSA4
2011-12-01,0.006694,ITSA4
2011-12-26,0.046381,ITSA4
2011-12-27,0.066941,ITSA4
2012-03-01,0.070623,ITSA4
2012-06-01,0.007901,ITSA4
2012-09-03,0.007901,ITSA4
2012-12-03,0.007901,ITSA4
2012-12-26,0.109038,ITSA4
2013-03-01,0.007901,ITSA4
2013-03-06,0.066266,ITSA4
2013-06-03,0.008757,ITSA4
2013-08-07,0.041449,ITSA4
2013-09-02,0.008757,ITSA4
2013-12-02,0.008757,ITSA4
2013-12-23,0.050206,ITSA4
2014-03-05,0.008792,ITSA4
2014-06-02,0.009671,ITSA4
2014-08-14,0.052867,ITSA4
2014-09-01,0.009671,ITSA4
2014-12-01,0.009671,ITSA4
2014-12-22,0.022952,ITSA4
2015-02-11,0.126828,ITSA4
2015-03-02,0.009693,ITSA4
2015-06-01,0.010663,ITSA4
2015-08-13,0.061487,ITSA4
2015-09-01,0.010663,ITSA4
2015-12-01,0.010663,ITSA4
2015-12-10,0.08594,ITSA4
2016-02-19,0.12923,ITSA4
2016-03-01,0.010663,ITSA4
2016-06-01,0.011729,ITSA4
2016-08-15,0.061772,ITSA4
2016-09-01,0.011729,ITSA4
2016-12-01,0.011729,ITSA4
2016-12-23,0.215809,ITSA4
2017-02-21,0.131206,ITSA4
2017-03-01,0.011806,ITSA4
2017-06-01,0.011806,ITSA4
2017-08-15,0.06218,ITSA4
2017-09-01,0.011806,ITSA4
2017-12-01,0.011806,ITSA4
2017-12-26,0.132279,ITSA4
2018-02-23,0.526761,ITSA4
2018-03-01,0.011806,ITSA4
2018-06-01,0.011806,ITSA4
2018-08-20,0.180779,ITSA4
2018-09-03,0.012987,ITSA4
2018-12-03,0.017316,ITSA4
2018-12-18,0.007013,ITSA4
2019-02-22,0.392381,ITSA4
2019-03-01,0.017316,ITSA4
2019-06-03,0.017316,ITSA4
2019-08-16,0.294805,ITSA4
2019-09-02,0.017316,ITSA4
2019-12-02,0.017316,ITSA4
2019-12-13,0.005152,ITSA4
2020-02-21,0.195671,ITSA4
2020-03-02,0.017316,ITSA4
2020-06-01,0.017316,ITSA4
2020-08-18,0.017316,ITSA4
2020-09-01,0.017316,ITSA4
2020-12-01,0.017316,ITSA4
2020-12-11,0.088009,ITSA4
2021-01-26,0.018009,ITSA4
2021-03-01,0.017316,ITSA4
2021-03-10,0.013382,ITSA4
2021-03-26,0.016519,ITSA4
2021-04-28,0.01845,ITSA4
2021-05-25,0.015931,ITSA4
2021-06-01,0.017316,ITSA4
2021-08-16,0.032329,ITSA4
2021-09-01,0.017316,ITSA4
2021-11-24,0.133957,ITSA4
2021-12-01,0.020371,ITSA4
2021-12-14,0.020371,ITSA4
2022-01-17,0.121218,ITSA4
2022-03-25,0.103064,ITSA4
2022-06-01,0.02139,ITSA4
2022-08-19,0.054273,ITSA4
2022-09-01,0.02139,ITSA4
2022-11-21,0.05154,ITSA4
2022-12-01,0.02353,ITSA4
2022-12-09,0.1855,ITSA4
2023-03-01,0.02353,ITSA4
2023-03-24,0.0773,ITSA4
2023-06-01,0.02353,ITSA4
2023-06-23,0.1144,ITSA4
2023-07-26,0.051283,ITSA4
2023-08-18,0.02353,ITSA4
2023-09-22,0.1165,ITSA4
2023-10-20,0.0515,ITSA4
2009-04-30,0.008795,JBSS3
2010-05-03,0.026459,JBSS3
2013-04-29,0.059513,JBSS3
2014-05-02,0.07675,JBSS3
2015-05-04,0.16738,JBSS3
2016-05-02,0.405459,JBSS3
2017-05-02,0.032978,JBSS3
2018-05-02,0.046776,JBSS3
2019-05-02,0.002245,JBSS3
2020-04-29,0.540595,JBSS3
2021-04-29,1.016679,JBSS3
2021-08-17,1.001341,JBSS3
2021-11-17,1.0,JBSS3
2022-05-17,1.0,JBSS3
2022-11-17,1.0,JBSS3
2023-06-23,1.0,JBSS3
2010-04-23,0.013074,KLBN4
2010-07-12,0.010426,KLBN4
2010-09-30,0.016056,KLBN4
2011-04-12,0.016248,KLBN4
2011-07-05,0.019032,KLBN4
2011-10-03,0.012808,KLBN4
2012-04-12,0.018652,KLBN4
2012-07-11,0.027944,KLBN4
2012-11-13,0.017466,KLBN4
2013-04-15,0.017714,KLBN4
2013-08-06,0.032606,KLBN4
2013-11-12,0.019796,KLBN4
2014-03-21,0.019666,KLBN4
2014-08-12,0.03318,KLBN4
2014-11-11,0.019654,KLBN4
2015-03-24,0.02227,KLBN4
2015-07-28,0.03734,KLBN4
2015-10-28,0.022925,KLBN4
2016-02-04,0.026214,KLBN4
2016-05-02,0.022372,KLBN4
2016-08-01,0.023583,KLBN4
2016-11-04,0.025553,KLBN4
2017-02-07,0.028425,KLBN4
2017-04-26,0.010933,KLBN4
2017-05-05,0.012665,KLBN4
2017-08-02,0.025985,KLBN4
2017-11-03,0.032754,KLBN4
2018-02-07,0.032533,KLBN4
2018-05-03,0.028879,KLBN4
2018-08-06,0.033629,KLBN4
2018-11-05,0.064599,KLBN4
2018-12-21,0.047499,KLBN4
2019-02-13,0.003799,KLBN4
2019-05-07,0.038138,KLBN4
2019-08-09,0.036431,KLBN4
2019-11-07,0.055785,KLBN4
2019-12-23,0.037949,KLBN4
2020-02-11,0.004364,KLBN4
2021-11-01,0.073193,KLBN4
2022-02-15,0.068642,KLBN4
2022-05-09,0.062883,KLBN4
2022-08-02,0.072517,KLBN4
2022-11-01,0.091238,KLBN4
2022-12-21,0.006543,KLBN4
2023-02-14,0.062704,KLBN4
2023-05-08,0.070539,KLBN4
2023-08-07,0.048756,KLBN4
2023-10-30,0.057825,KLBN4
2012-05-02,0.000464,MGLU3
2014-02-21,0.002053,MGLU3
2014-04-23,0.003355,MGLU3
2015-01-15,0.002443,MGLU3
2015-04-28,0.003402,MGLU3
2017-04-26,0.003974,MGLU3
2017-12-20,0.012378,MGLU3
2018-04-17,0.008265,MGLU3
2019-01-02,0.018522,MGLU3
2019-04-16,0.011571,MGLU3
2019-10-08,0.018402,MGLU3
2020-01-02,0.008947,MGLU3
2020-04-14,0.179508,MGLU3
2020-07-31,0.023541,MGLU3
2020-08-03,0.094176,MGLU3
2020-12-30,0.026301,MGLU3
2021-07-06,0.015494,MGLU3
2010-09-22,0.010543,POMO4
2010-12-10,0.012899,POMO4
2011-03-22,0.014388,POMO4
2011-06-22,0.014388,POMO4
2011-09-22,0.014388,POMO4
2011-12-12,0.017364,POMO4
2012-03-22,0.017364,POMO4
2012-06-22,0.017364,POMO4
2012-09-24,0.01476,POMO4
2012-12-20,0.106667,POMO4
2013-03-22,0.017364,POMO4
2013-06-24,0.017364,POMO4
2013-09-24,0.017364,POMO4
2013-12-26,0.01476,POMO4
2014-02-24,0.074419,POMO4
2014-03-24,0.017364,POMO4
2014-06-24,0.017364,POMO4
2014-09-23,0.017364,POMO4
2014-12-23,0.023417,POMO4
2015-06-23,0.024112,POMO4
2015-09-22,0.024112,POMO4
2016-11-11,0.129985,POMO4
2017-12-28,0.018406,POMO4
2018-02-27,0.020893,POMO4
2018-12-17,0.09,POMO4
2019-06-26,0.03,POMO4
2019-09-24,0.03,POMO4
2020-02-28,0.048,POMO4
2020-03-24,0.025,POMO4
2020-06-23,0.025,POMO4
2020-09-22,0.025,POMO4
2020-12-23,0.02,POMO4
2021-07-06,0.07,POMO4
2021-12-29,0.037,POMO4
2022-12-27,0.142,POMO4
2023-03-07,0.092,POMO4
2023-07-12,0.07,POMO4
2023-10-06,0.07,POMO4
2008-12-29,0.0426,PETR4
2009-04-09,0.3516,PETR4
2009-07-06,0.3,PETR4
2009-10-01,0.2,PETR4
2009-12-21,0.2,PETR4
2010-04-23,0.1332,PETR4
2010-05-24,0.17,PETR4
2010-08-02,0.17,PETR4
2010-11-03,0.14,PETR4
2010-12-22,0.2,PETR4
2011-03-22,0.17342,PETR4
2011-04-29,0.1265,PETR4
2011-05-12,0.2136,PETR4
2011-08-03,0.2073,PETR4
2011-11-14,0.2,PETR4
2012-01-03,0.1773,PETR4
2012-03-20,0.1244,PETR4
2012-05-14,0.2,PETR4
2013-04-30,0.38617,PETR4
2014-04-03,0.9672,PETR4
2018-05-22,0.05,PETR4
2018-08-14,0.05,PETR4
2018-11-22,0.1,PETR4
2018-12-26,0.716563,PETR4
2019-04-26,0.019494,PETR4
2019-05-22,0.1,PETR4
2019-08-13,0.2,PETR4
2019-11-12,0.200925,PETR4
2019-12-27,0.421942,PETR4
2020-04-23,0.000449,PETR4
2020-04-28,0.000449,PETR4
2020-07-23,0.000461,PETR4
2021-04-15,0.792834,PETR4
2021-08-17,1.609911,PETR4
2021-12-02,3.250487,PETR4
2022-04-14,2.970249,PETR4
2022-05-24,3.71549,PETR4
2022-08-12,6.732003,PETR4
2022-11-22,3.3489,PETR4
2023-04-28,2.870493,PETR4
2023-06-13,1.893576,PETR4
2023-08-22,1.149304,PETR4
2010-04-28,0.024368,SHUL4
2011-04-20,0.018201,SHUL4
2011-08-04,0.015482,SHUL4
2012-04-11,0.027014,SHUL4
2013-04-03,0.017702,SHUL4
2014-03-28,0.032153,SHUL4
2014-11-17,0.031214,SHUL4
2015-04-24,0.013686,SHUL4
2015-11-16,0.031811,SHUL4
2016-05-02,0.008428,SHUL4
2016-10-31,0.014963,SHUL4
2017-05-03,0.009493,SHUL4
2017-11-22,0.019023,SHUL4
2018-05-04,0.018592,SHUL4
2018-10-18,0.035242,SHUL4
2019-04-12,0.02791,SHUL4
2019-10-01,0.038447,SHUL4
2020-04-14,0.024206,SHUL4
2020-06-25,0.006052,SHUL4
2020-06-30,0.014056,SHUL4
2020-10-01,0.026993,SHUL4
2020-11-18,0.019444,SHUL4
2020-12-29,0.01695,SHUL4
2021-04-22,0.019202,SHUL4
2021-06-25,0.023442,SHUL4
2021-09-27,0.030076,SHUL4
2021-11-26,0.020511,SHUL4
2022-04-20,0.056722,SHUL4
2022-06-27,0.029728,SHUL4
2022-09-27,0.06294,SHUL4
2022-12-27,0.067086,SHUL4
2023-02-23,0.064091,SHUL4
2023-04-04,0.061178,SHUL4
2023-06-27,0.041235,SHUL4
2023-10-02,0.063395,SHUL4
2014-05-05,0.037538,SQIA3
2015-05-11,0.065197,SQIA3
2015-10-13,0.028714,SQIA3
2015-12-14,0.0279,SQIA3
2016-05-02,0.025362,SQIA3
2016-08-30,0.027843,SQIA3
2017-03-28,0.023449,SQIA3
2018-03-06,0.046152,SQIA3
2019-04-30,0.013956,SQIA3
2021-04-30,0.019505,SQIA3
2022-05-09,0.066493,SQIA3
2023-05-08,0.055405,SQIA3
2010-04-08,0.03,SLCE3
2011-04-28,0.065805,SLCE3
2012-05-02,0.262145,SLCE3
2013-04-18,0.064017,SLCE3
2014-04-17,0.160405,SLCE3
2015-04-30,0.115597,SLCE3
2016-05-02,0.247731,SLCE3
2017-04-27,0.060526,SLCE3
2017-10-02,0.855307,SLCE3
2018-05-02,0.881798,SLCE3
2019-05-02,0.78269,SLCE3
2020-04-30,0.78875,SLCE3
2020-05-08,0.393985,SLCE3
2020-07-31,0.325431,SLCE3
2020-11-16,0.163611,SLCE3
2021-04-30,0.878276,SLCE3
2022-05-02,2.205588,SLCE3
2022-12-27,0.316142,SLCE3
2023-05-05,2.360161,SLCE3
2009-01-02,0.770992,VIVT3
2009-03-26,0.732276,VIVT3
2009-05-19,0.871073,VIVT3
2009-10-01,0.630138,VIVT3
2010-01-04,0.322946,VIVT3
2010-04-08,2.31973,VIVT3
2010-10-01,0.614384,VIVT3
2011-01-03,0.374376,VIVT3
2011-03-21,2.64899,VIVT3
2011-04-01,2.63251,VIVT3
2011-10-03,1.362007,VIVT3
2012-01-02,0.514966,VIVT3
2012-04-12,0.732386,VIVT3
2012-11-26,0.937417,VIVT3
2013-01-22,1.37791,VIVT3
2013-04-17,1.25162,VIVT3
2013-09-02,0.183722,VIVT3
2013-10-01,0.183722,VIVT3
2013-11-01,1.072267,VIVT3
2014-01-02,0.634675,VIVT3
2014-03-11,0.871008,VIVT3
2014-04-24,0.110683,VIVT3
2014-08-01,0.2489,VIVT3
2014-09-01,0.25,VIVT3
2014-10-01,0.2089,VIVT3
2014-11-03,0.25535,VIVT3
2014-12-01,0.386857,VIVT3
2015-01-02,0.39703,VIVT3
2015-02-11,1.582175,VIVT3
2015-04-10,0.015526,VIVT3
2015-05-26,0.170179,VIVT3
2015-08-03,0.122735,VIVT3
2015-09-01,0.131621,VIVT3
2015-10-01,0.081638,VIVT3
2015-11-03,0.048872,VIVT3
2015-12-01,0.13051,VIVT3
2016-01-04,0.168233,VIVT3
2016-03-01,0.111072,VIVT3
2016-04-01,0.187157,VIVT3
2016-04-29,0.714875,VIVT3
2016-05-02,0.12218,VIVT3
2016-07-01,0.089413,VIVT3
2016-10-03,0.360985,VIVT3
2017-01-02,0.335519,VIVT3
2017-03-01,0.099965,VIVT3
2017-04-03,0.194377,VIVT3
2017-04-27,1.062955,VIVT3
2017-07-03,0.052759,VIVT3
2017-10-02,0.169385,VIVT3
2017-12-27,0.825622,VIVT3
2018-04-13,0.911828,VIVT3
2018-07-02,0.222144,VIVT3
2018-09-18,1.555013,VIVT3
2018-12-18,0.749738,VIVT3
2019-03-01,0.388753,VIVT3
2019-04-12,1.371012,VIVT3
2019-05-02,0.316556,VIVT3
2019-07-01,0.53759,VIVT3
2020-01-02,0.749738,VIVT3
2020-03-02,0.149947,VIVT3
2020-04-01,0.083304,VIVT3
2020-04-09,1.219338,VIVT3
2020-05-29,0.944115,VIVT3
2020-07-01,0.499825,VIVT3
2020-09-29,0.360985,VIVT3
2020-11-30,0.236902,VIVT3
2020-12-29,0.864839,VIVT3
2021-03-01,0.088895,VIVT3
2021-04-01,0.160098,VIVT3
2021-04-16,0.941818,VIVT3
2021-05-03,0.166113,VIVT3
2021-07-01,0.3739,VIVT3
2021-10-01,0.357288,VIVT3
2021-12-28,1.374528,VIVT3
2022-03-02,0.107395,VIVT3
2022-04-01,0.149291,VIVT3
2022-04-27,1.212002,VIVT3
2022-05-02,0.089622,VIVT3
2022-07-01,0.287313,VIVT3
2022-09-01,0.17975,VIVT3
2023-01-02,1.030924,VIVT3
2023-03-01,0.063772,VIVT3
2023-04-03,0.174526,VIVT3
2023-04-14,0.497538,VIVT3
2023-06-01,0.192782,VIVT3
2023-08-01,0.244259,VIVT3
2023-09-01,0.15997,VIVT3
2023-09-25,0.120732,VIVT3
2023-10-24,0.090575,VIVT3
2009-03-11,0.034538,TAEE11
2009-10-19,1.14784,TAEE11
2010-11-09,0.403533,TAEE11
2011-04-28,1.26534,TAEE11
2012-04-30,0.813163,TAEE11
2012-12-19,0.464443,TAEE11
2013-05-02,1.04292,TAEE11
2013-12-13,0.551526,TAEE11
2014-05-02,1.200777,TAEE11
2014-12-05,0.571845,TAEE11
2015-04-23,0.7395,TAEE11
2015-09-18,0.899979,TAEE11
2015-12-21,0.320006,TAEE11
2016-04-19,0.936602,TAEE11
2016-05-25,0.643118,TAEE11
2016-08-18,0.576305,TAEE11
2016-11-24,0.548025,TAEE11
2017-05-05,0.507165,TAEE11
2017-05-23,0.517152,TAEE11
2017-08-17,0.202866,TAEE11
2017-11-17,0.268338,TAEE11
2017-12-19,0.270292,TAEE11
2018-05-03,0.462484,TAEE11
2018-05-15,0.736852,TAEE11
2018-08-10,0.477069,TAEE11
2018-11-12,0.71157,TAEE11
2018-12-18,0.399275,TAEE11
2019-05-06,0.16595,TAEE11
2019-05-20,0.280836,TAEE11
2019-08-09,0.722007,TAEE11
2019-11-21,0.541491,TAEE11
2019-12-17,0.180416,TAEE11
2020-05-07,0.179281,TAEE11
2020-05-20,0.7017,TAEE11
2020-08-18,0.81076,TAEE11
2020-11-17,1.361941,TAEE11
2020-12-16,0.157381,TAEE11
2021-05-05,1.631192,TAEE11
2021-05-19,1.354363,TAEE11
2021-12-07,1.518146,TAEE11
2022-05-10,1.896324,TAEE11
2022-08-16,1.470929,TAEE11
2022-11-16,0.131087,TAEE11
2023-01-11,1.335273,TAEE11
2023-05-04,0.075612,TAEE11
2023-08-08,0.909844,TAEE11
2009-04-29,0.245,TUPY3
2010-04-29,0.315,TUPY3
2011-05-02,0.364955,TUPY3
2012-05-02,0.42017,TUPY3
2013-04-15,0.18412,TUPY3
2014-04-14,0.174417,TUPY3
2014-12-18,0.176108,TUPY3
2015-08-14,0.742212,TUPY3
2016-08-11,0.300725,TUPY3
2016-11-08,0.110974,TUPY3
2016-11-17,0.173397,TUPY3
2017-04-04,0.110974,TUPY3
2017-06-14,0.346795,TUPY3
2017-08-21,0.346795,TUPY3
2017-11-21,0.346895,TUPY3
2018-03-19,0.346817,TUPY3
2018-05-15,0.260096,TUPY3
2018-08-14,0.260096,TUPY3
2018-11-13,0.346872,TUPY3
2019-03-20,0.953686,TUPY3
2019-05-22,0.173397,TUPY3
2021-08-20,0.136227,TUPY3
2021-11-19,0.142139,TUPY3
2021-12-30,0.153737,TUPY3
2022-11-01,0.22487,TUPY3
2023-01-02,0.226762,TUPY3
2023-05-02,0.741451,TUPY3
2023-10-26,0.262953,TUPY3
2012-08-15,0.015057,UNIP6
2013-04-30,0.054086,UNIP6
2014-04-30,0.138614,UNIP6
2015-04-16,0.176696,UNIP6
2016-05-02,0.226649,UNIP6
2017-05-02,0.256582,UNIP6
2017-07-28,3.317842,UNIP6
2017-08-02,0.027079,UNIP6
2018-04-19,0.833215,UNIP6
2018-10-19,0.187839,UNIP6
2019-04-18,0.236076,UNIP6
2020-04-13,0.39399,UNIP6
2020-11-17,0.715881,UNIP6
2021-04-22,0.958267,UNIP6
2021-06-02,2.486516,UNIP6
2021-08-18,0.278489,UNIP6
2021-11-18,2.98382,UNIP6
2021-12-22,4.475729,UNIP6
2022-04-22,2.735168,UNIP6
2022-07-27,1.246036,UNIP6
2022-08-17,4.984142,UNIP6
2022-11-17,4.988663,UNIP6
2023-04-24,0.825582,UNIP6
2008-12-30,0.398305,USIM5
2009-03-06,0.248375,USIM5
2009-08-04,0.09547,USIM5
2009-12-30,0.32714,USIM5
2010-03-26,0.076865,USIM5
2010-10-08,0.244485,USIM5
2010-12-30,0.189246,USIM5
2011-03-22,0.150599,USIM5
2012-03-20,0.086646,USIM5
2015-04-29,0.032668,USIM5
2018-04-26,0.047531,USIM5
2019-01-08,0.079187,USIM5
2019-04-24,0.068897,USIM5
2019-07-04,0.011323,USIM5
2020-04-29,0.04345,USIM5
2021-04-30,0.131916,USIM5
2021-05-26,0.005046,USIM5
2021-09-01,1.095799,USIM5
2021-12-16,0.192953,USIM5
2022-04-29,0.629128,USIM5
2023-04-28,0.328767,USIM5
2009-04-16,0.524586,VALE3
2009-10-16,0.492036,VALE3
2010-04-15,0.421661,VALE3
2010-10-15,0.471881,VALE3
2011-01-17,0.320048,VALE3
2011-04-14,0.608247,VALE3
2011-08-12,0.933403,VALE3
2011-10-17,0.634329,VALE3
2012-04-16,1.07528,VALE3
2012-10-17,1.18652,VALE3
2013-04-17,0.864045,VALE3
2013-10-18,0.120605,VALE3
2014-04-15,0.898904,VALE3
2014-10-17,0.99087,VALE3
2015-04-15,0.601761,VALE3
2015-10-16,0.37361,VALE3
2016-12-02,0.166294,VALE3
2017-04-24,0.905572,VALE3
2017-12-22,0.419912,VALE3
2018-03-07,0.488511,VALE3
2018-08-03,1.480362,VALE3
2019-12-27,1.414364,VALE3
2020-09-22,2.40751,VALE3
2021-03-05,4.261646,VALE3
2021-06-24,2.18967,VALE3
2021-09-23,8.197239,VALE3
2022-03-09,3.719256,VALE3
2022-08-12,3.572057,VALE3
2022-12-13,0.292013,VALE3
2023-03-14,1.827646,VALE3
2023-08-14,1.918472,VALE3
2013-04-15,0.003634,VIIA3
2013-09-27,0.161064,VIIA3
2015-04-24,0.17253,VIIA3
2016-04-27,0.000526,VIIA3
2016-09-13,0.002066,VIIA3
2017-12-18,0.027035,VIIA3
2018-04-27,0.011935,VIIA3
2008-12-17,0.005917,WEGE3
2009-02-17,0.020858,WEGE3
2009-03-24,0.006657,WEGE3
2009-06-17,0.005917,WEGE3
2009-07-24,0.017012,WEGE3
2009-09-18,0.005917,WEGE3
2009-12-15,0.002219,WEGE3
2010-03-24,0.006361,WEGE3
2010-06-30,0.007396,WEGE3
2010-07-28,0.015828,WEGE3
2010-09-22,0.006953,WEGE3
2010-12-22,0.007396,WEGE3
2011-02-23,0.024112,WEGE3
2011-03-23,0.010094,WEGE3
2011-06-22,0.011312,WEGE3
2011-07-22,0.014349,WEGE3
2011-09-21,0.012182,WEGE3
2011-12-21,0.012182,WEGE3
2012-02-15,0.02071,WEGE3
2012-03-21,0.009615,WEGE3
2012-06-27,0.009615,WEGE3
2012-07-25,0.014793,WEGE3
2012-09-26,0.009615,WEGE3
2012-12-19,0.008728,WEGE3
2013-02-27,0.030473,WEGE3
2013-03-27,0.009572,WEGE3
2013-06-26,0.008876,WEGE3
2013-07-31,0.027367,WEGE3
2013-09-25,0.011312,WEGE3
2013-12-18,0.01253,WEGE3
2014-02-26,0.038905,WEGE3
2014-03-26,0.012356,WEGE3
2014-06-25,0.013575,WEGE3
2014-07-23,0.029885,WEGE3
2014-09-24,0.013808,WEGE3
2014-12-17,0.014712,WEGE3
2015-02-25,0.039932,WEGE3
2015-03-25,0.016063,WEGE3
2015-06-24,0.018778,WEGE3
2015-07-29,0.031923,WEGE3
2015-09-23,0.020815,WEGE3
2015-12-16,0.022625,WEGE3
2016-02-24,0.031133,WEGE3
2016-03-23,0.021267,WEGE3
2016-06-29,0.025656,WEGE3
2016-08-01,0.013963,WEGE3
2016-09-26,0.022361,WEGE3
2016-12-19,0.030272,WEGE3
2017-03-01,0.024496,WEGE3
2017-03-27,0.025113,WEGE3
2017-07-03,0.023303,WEGE3
2017-07-24,0.020386,WEGE3
2017-10-02,0.022353,WEGE3
2017-12-18,0.021945,WEGE3
2018-03-05,0.031583,WEGE3
2018-03-26,0.020181,WEGE3
2018-07-02,0.019588,WEGE3
2018-07-23,0.041197,WEGE3
2018-09-24,0.019647,WEGE3
2018-12-26,0.025706,WEGE3
2019-02-25,0.041453,WEGE3
2019-03-25,0.023206,WEGE3
2019-07-01,0.021441,WEGE3
2019-07-29,0.044551,WEGE3
2019-09-23,0.020441,WEGE3
2019-12-23,0.019118,WEGE3
2020-02-26,0.083881,WEGE3
2020-03-23,0.015118,WEGE3
2020-06-29,0.019118,WEGE3
2020-07-27,0.063401,WEGE3
2020-09-28,0.017235,WEGE3
2020-12-21,0.018441,WEGE3
2021-03-01,0.174679,WEGE3
2021-03-29,0.016912,WEGE3
2021-06-28,0.020529,WEGE3
2021-08-02,0.158175,WEGE3
2021-09-27,0.020705,WEGE3
2021-12-20,0.032,WEGE3
2022-02-21,0.205203,WEGE3
2022-03-28,0.036764,WEGE3
2022-06-27,0.043294,WEGE3
2022-07-25,0.131948,WEGE3
2022-09-26,0.044118,WEGE3
2022-12-19,0.054353,WEGE3
2023-02-22,0.226304,WEGE3
2023-03-20,0.053235,WEGE3
2023-06-26,0.058294,WEGE3
2023-07-24,0.145202,WEGE3
2023-09-25,0.059824,WEGE3
